{
  "name": "AdoPiSoft Default Theme",
  "version": "1.0.0",
  "fields": [
    {
      "field_group_id": "page_properties",
      "legend": "Page Properties",
      "fields": [
        {
          "field_id": "favicon",
          "label": "Favicon Image",
          "type": "image",
          "required": true,
          "defaultValue": "favicon.ico"
        },
        { 
          "field_id": "page_title",
          "label": "Page Title",
          "type": "text",
          "defaultValue": "AdoPiSoft WiFi Hostspot"
        },
        {
          "field_id": "banner_text",
          "label": "Banner Text",
          "type": "text",
          "defaultValue": "Affordable Internet Connectivity"
        },
        {
          "field_id": "redirect_to",
          "label": "Redirect To",
          "type": "text",
          "defaultValue": ""
        },
        {
          "field_id": "footer_text",
          "label": "Powered By Text",
          "type": "text",
          "defaultValue": "AdoPiSoft"
        },
        {
          "field_id": "footer_url",
          "label": "Powered By URL",
          "type": "text",
          "defaultValue": ""
        },

        {
          "field_id": "submit",
          "type": "submit"
        }
      ]
    },
    {
      "field_group_id": "page_background",
      "legend": "Page Background Image",
      "fields": [
        {
          "field_id": "background_image",
          "label": "Background Image",
          "type": "image",
          "required": false,
          "defaultValue": "images/bg.jpg"
        }
      ]
    },
    {
      "field_group_id": "buttons",
      "legend": "Buttons",
      "fields": [
        {
          "field_id": "button_insert_coin",
          "label": "Show Insert Coin Button",
          "type": "checkbox",
          "defaultValue": true
        },
        {
          "field_id": "button_buy_eload",
          "label": "Show Buy E-Load Button",
          "type": "checkbox",
          "defaultValue": true
        },
        {
          "field_id": "button_view_rates",
          "label": "Show View Rates Button",
          "type": "checkbox",
          "defaultValue": true
        },
        {
          "field_id": "button_buy_voucher",
          "label": "Show Buy Voucher Button",
          "type": "checkbox",
          "defaultValue": true
        },
        {
          "field_id": "button_vouchers",
          "label": "Show Voucher Button",
          "type": "checkbox",
          "defaultValue": true
        },
        {
          "field_id": "button_my_account",
          "label": "Show Account Button",
          "type": "checkbox",
          "defaultValue": true
        },
        {
          "field_id": "button_gcash",
          "label": "Show Gcash Button",
          "type": "checkbox",
          "defaultValue": true
        },
        {
          "field_id": "button_unmute",
          "label": "Show Mute/Unmute Button",
          "type": "checkbox",
          "defaultValue": true
        },
        {
          "field_id": "button_chat",
          "label": "Show Chat Button",
          "type": "checkbox",
          "defaultValue": true
        },
        {
          "field_id": "button_charging",
          "label": "Show Charging Button",
          "type": "checkbox",
          "defaultValue": false
        },
        {
          "field_id": "submit",
          "type": "submit"
        }
      ]
    },
    {
      "field_group_id": "forms",
      "legend": "Forms",
      "fields": [
        {
          "field_id": "activate_voucher_form",
          "label": "Show Activate Voucher Form",
          "type": "checkbox",
          "defaultValue": true
        },
        {
          "field_id": "submit",
          "type": "submit"
        }
      ]
    },
    {
      "field_group_id": "wifi_icons",
      "legend": "WiFi Icons",
      "fields": [
        {
          "field_id": "wifi_connected_icon",
          "label": "Connected Icon",
          "type": "image",
          "required": true,
          "defaultValue": "images/wifi-connected.png"
        },
        {
          "field_id": "wifi_disconnected_icon",
          "label": "Disconnected Icon",
          "type": "image",
          "required": true,
          "defaultValue": "images/wifi-disconnected.png"
        }
      ]
    },
    {
      "field_group_id": "banners",
      "legend": "Banners",
      "fields": [
        {
          "field_id": "banners",
          "label": "Banners",
          "type": "images",
          "min": 1,
          "defaultValue": ["images/adopisoft-default-banner.png"]
        },
        {
          "field_id": "popup_banner",
          "label": "Popup Banner",
          "type": "textarea",
          "defaultValue": "<h1>To start internet, click <b>Buy Wifi</b> or <b>Insert Coin button</b>. You may also buy Voucher from the machine owner.</h1>\n<hr>\n<p><small><i>To disable this popup, go to <a href='/admin/#!/theme/portal' target='_blank'><b>Admin</b>-><b/>Theme</b>-><b>Captive Portal</b></a> and go to Banners. Delete the content in the <b>Pop-up banner</b> field and leave it blank.</i></small></p>"
        },
        {
          "field_id": "submit",
          "type": "submit"
        }
      ]
    },
    {
      "field_group_id": "banners_transition",
      "legend": "Banners Transition",
      "fields": [
        {
          "field_id": "banner_interval",
          "label": "Interval in seconds",
          "type": "number",
          "min": 1,
          "defaultValue": 5
        },
        {
          "field_id": "submit",
          "type": "submit"
        }
      ]
    },
    {
      "field_group_id": "sounds",
      "legend": "Sounds",
      "fields": [
        {
          "field_id": "background_music",
          "label":  "Homepage Background Music",
          "type": "sound",
          "required": false,
          "allow_loop": true,
          "defaultValue": {
            "src": "sounds/loop-beat-intro.mp3",
            "format": "audio/wav",
            "loop": true
          }
        },
        {
          "field_id": "countdown_sound",
          "label":  "Payment Countdown Sound",
          "type": "sound",
          "required": true,
          "allow_loop": true,
          "defaultValue": {
            "src": "sounds/count-down-beep.mp3",
            "format": "audio/mpeg",
            "loop": true,
            "loop_delay": 1000
          }
        },
        {
          "field_id": "countdown_bg_sound",
          "label":  "Countdown Background Sound",
          "type": "sound",
          "required": false,
          "allow_loop": true,
          "defaultValue": null
        },

        {
          "field_id": "connected_sound",
          "label": "Connected Sound",
          "type": "sound",
          "required": true,
          "defaultValue": {
            "src": "sounds/connected.mp3",
            "format": "audio/mpeg"
          }
        },
        {
          "field_id": "disconnected_sound",
          "label": "Disconnected Sound",
          "type": "sound",
          "required": true,
          "defaultValue": {
            "src": "sounds/disconnected.mp3",
            "format": "audio/mpeg"
          }
        },
        {
          "field_id": "coin_inserted",
          "label":  "Coin Inserted Sound",
          "type": "sound",
          "required": true,
          "defaultValue": {
            "src": "sounds/coin-inserted.mp3",
            "format": "audio/mpeg"
          }
        },
        {
          "field_id": "error_sound",
          "label":  "Error Sound",
          "type": "sound",
          "required": true,
          "defaultValue": {
            "src": "sounds/error.mp3",
            "format": "audio/mpeg"
          }
        },
        {
          "field_id": "eload_successful",
          "label": "E-Load Success Sound",
          "type": "sound",
          "defaultValue":{
            "src": "sounds/eload-successful.mp3",
            "format": "audio/mpeg"
          }
        },
        {
          "field_id": "eload_failed",
          "label": "E-Load Failed Sound",
          "type": "sound",
          "defaultValue":{
            "src": "sounds/eload-failed.mp3",
            "format": "audio/mpeg"
          }
        },
        {
          "field_id": "eload_processing",
          "label": "E-Load Processing Sound",
          "type": "sound",
          "defaultValue":{
            "src": "sounds/eload_processing.mp3",
            "format": "audio/mpeg"
          }
        },
        {
          "field_id": "eload_queued",
          "label": "E-Load Queued Sound",
          "type": "sound",
          "defaultValue":{
            "src": "sounds/eload_queued.mp3",
            "format": "audio/mpeg"
          }
        }
      ]
    },
    {
      "field_group_id": "css",
      "legend": "Stylesheets",
      "fields": [
        {
          "field_id": "css_files",
          "label": "CSS Files",
          "type": "stylesheets",
          "defaultValue": [
            "fonts/fonts.css",
            "styles/bootstrap.min.css",
            "styles/ie10-viewport-bug-workaround.css",
            "styles/sticky-footer-navbar.css",
            "styles/ellipsis.css",
            "styles/portal.css",
            "styles/ssg.css",
            "styles/modal.css"
          ]
        }
      ]
    },
    {
      "field_group_id": "other",
      "legend": "Uploads",
      "fields": [
        {
          "field_id": "upload_files",
          "label": "Upload Your Files",
          "type": "files",
          "defaultValue": []
        }
      ]
    }
  ]
}

